,peak_time,amplitude,inter_event_interval,condition
0,0.0001,-25.973182291241496,0.0523,pre_drug
1,0.0524,-21.934271209818746,0.21089999999999998,pre_drug
2,0.2633,-119.71829593740593,0.05710000000000004,pre_drug
3,0.3204,-38.52861112277357,0.058699999999999974,pre_drug
4,0.3791,-25.853326812246472,0.16680000000000006,pre_drug
5,0.5459,-45.62955182912567,0.1056999999999999,pre_drug
6,0.6516,-55.6020633438452,0.37380000000000013,pre_drug
7,1.0254,-21.33468322396012,0.12839999999999985,pre_drug
8,1.1538,-72.25618118791454,0.06879999999999997,pre_drug
9,1.2226,-160.41112026174497,0.09060000000000001,pre_drug
10,1.3132,-66.98238980659102,0.0878000000000001,pre_drug
11,1.401,-72.93847782505757,0.033399999999999874,pre_drug
12,1.4344,-68.05492168900466,0.04760000000000009,pre_drug
13,1.482,-37.67550842116184,0.04679999999999995,pre_drug
14,1.5288,-34.83711141818297,0.04830000000000001,pre_drug
15,1.5771,-46.39753221595792,0.1342000000000001,pre_drug
16,1.7113,-22.087345878787886,0.047900000000000054,pre_drug
17,1.7592,-37.72096463464267,0.06209999999999982,pre_drug
18,1.8213,-35.54320670161544,0.16670000000000007,pre_drug
19,1.988,-52.13560625173556,0.04939999999999989,pre_drug
20,2.0374,-97.5815623062749,0.20619999999999994,pre_drug
21,2.2436,-145.066052575052,0.18190000000000017,pre_drug
22,2.4255,-111.83760402899591,0.09629999999999983,pre_drug
23,2.5218,-78.84061142815585,0.08720000000000017,pre_drug
24,2.609,-54.52336338784185,0.09370000000000012,pre_drug
25,2.7027,-44.607152411931075,0.06979999999999986,pre_drug
26,2.7725,-38.53881050827555,0.15200000000000014,pre_drug
27,2.9245,-67.53516096929263,0.08729999999999993,pre_drug
28,3.0118,-147.60073196650458,0.11220000000000008,pre_drug
29,3.124,-74.63899868243459,0.4523999999999999,pre_drug
30,3.5764,-49.753662961036156,0.15759999999999996,pre_drug
31,3.734,-57.15667238257238,0.03290000000000015,pre_drug
32,3.7669,-39.57265819166382,0.05549999999999988,pre_drug
33,3.8224,-35.61346832295281,0.2685000000000004,pre_drug
34,4.0909,-65.5748401340587,0.09019999999999939,pre_drug
35,4.1811,-70.87384519489942,0.035800000000000054,pre_drug
36,4.2169,-62.2059453454459,0.058399999999999785,pre_drug
37,4.2753,-89.70063695140045,0.10090000000000021,pre_drug
38,4.3762,-49.58328877157085,0.30320000000000036,pre_drug
39,4.6794,-60.31569141987613,0.08249999999999957,pre_drug
40,4.7619,-20.48894233970475,0.3230000000000004,pre_drug
41,5.0849,-56.965998804809836,0.08179999999999943,pre_drug
42,5.1667,-95.70864265518344,0.10080000000000044,pre_drug
43,5.2675,-74.11319453254859,0.12439999999999962,pre_drug
44,5.3919,-27.79215525684959,0.22299999999999986,pre_drug
45,5.6149,-68.87445147886976,0.0882000000000005,pre_drug
46,5.7031,-68.51506540022356,0.10430000000000028,pre_drug
47,5.8074,-47.4020354196112,0.1913999999999998,pre_drug
48,5.9988,-85.32197472892567,0.03500000000000014,pre_drug
49,6.0338,-58.30240911685926,0.13839999999999986,pre_drug
50,6.1722,-58.716956248233245,0.09169999999999945,pre_drug
51,6.2639,-37.692511640469135,0.09960000000000058,pre_drug
52,6.3635,-69.85721309260555,0.1452,pre_drug
53,6.5087,-42.27317560095196,0.06339999999999968,pre_drug
54,6.5721,-52.46291208076152,0.16220000000000034,pre_drug
55,6.7343,-60.48096199922046,0.22699999999999942,pre_drug
56,6.9613,-110.23925983908248,0.06370000000000076,pre_drug
57,7.025,-36.95680519416419,0.03189999999999937,pre_drug
58,7.0569,-102.39637525497176,0.08280000000000065,pre_drug
59,7.1397,-67.08198197702787,0.09149999999999991,pre_drug
60,7.2312,-100.62716520618521,0.08059999999999956,pre_drug
61,7.3118,-47.796116240608995,0.09050000000000047,pre_drug
62,7.4023,-38.33024703127551,0.09159999999999968,pre_drug
63,7.4939,-40.95526492289015,0.3490000000000002,pre_drug
64,7.8429,-37.04758119560547,0.1639999999999997,pre_drug
65,8.0069,-74.33545840573584,0.16169999999999973,pre_drug
66,8.1686,-31.226139226773537,0.3400999999999996,pre_drug
67,8.5087,-21.112640403775128,0.03440000000000154,pre_drug
68,8.5431,-28.528397707799808,0.09369999999999834,pre_drug
69,8.6368,-78.70498742118102,0.08300000000000018,pre_drug
70,8.7198,-55.69806891500522,0.12530000000000108,pre_drug
71,8.8451,-36.31840243807264,0.06080000000000041,pre_drug
72,8.9059,-51.8300677170185,0.05649999999999977,pre_drug
73,8.9624,-24.497517333888624,0.04640000000000022,pre_drug
74,9.0088,-67.29876826504861,0.09799999999999898,pre_drug
75,9.1068,-51.83592592648528,0.08360000000000056,pre_drug
76,9.1904,-107.90855680250931,0.05010000000000048,pre_drug
77,9.2405,-30.585156042821012,0.07379999999999853,pre_drug
78,9.3143,-31.02660042424462,0.14830000000000076,pre_drug
79,9.4626,-28.438868582124105,0.1493000000000002,pre_drug
80,9.6119,-23.469032496540816,0.05770000000000053,pre_drug
81,9.6696,-47.692332269095964,0.06709999999999994,pre_drug
82,9.7367,-66.51122955475095,0.04800000000000004,pre_drug
83,9.7847,-54.536852898491226,0.07769999999999833,pre_drug
84,9.8624,-59.41540196242858,0.2871000000000006,pre_drug
85,10.1495,-74.04909712744703,0.09140000000000015,pre_drug
86,10.2409,-53.06069343674833,0.09750000000000014,pre_drug
87,10.3384,-40.71649450162374,0.08520000000000039,pre_drug
88,10.4236,-26.383940873217995,0.10379999999999967,pre_drug
89,10.5274,-60.02846125729944,0.19309999999999938,pre_drug
90,10.7205,-135.0867784738197,0.06530000000000058,pre_drug
91,10.7858,-31.636238645830282,0.12020000000000053,pre_drug
92,10.906,-45.98533762538286,0.0818999999999992,pre_drug
93,10.9879,-46.51831273226787,0.0838000000000001,pre_drug
94,11.0717,-42.527571972444356,0.18219999999999992,pre_drug
95,11.2539,-40.88483088931733,0.1286000000000005,pre_drug
96,11.3825,-59.363526549312496,0.059899999999998954,pre_drug
97,11.4424,-28.168406749874542,0.1424000000000003,pre_drug
98,11.5848,-56.66542050411765,0.046700000000001296,pre_drug
99,11.6315,-24.767783914956773,0.20749999999999957,pre_drug
100,11.839,-34.77113522978808,0.05769999999999875,pre_drug
101,11.8967,-47.95138693699211,0.08050000000000068,pre_drug
102,11.9772,-58.366746577966246,0.10849999999999937,pre_drug
103,12.0857,-46.914843750394574,0.10420000000000051,pre_drug
104,12.1899,-94.32020732509855,0.10800000000000054,pre_drug
105,12.2979,-39.38441700568934,0.09169999999999945,pre_drug
106,12.3896,-37.854158020578666,0.06930000000000014,pre_drug
107,12.4589,-24.24813873187651,0.06990000000000052,pre_drug
108,12.5288,-37.77510760298032,0.07840000000000025,pre_drug
109,12.6072,-74.13623059753135,0.08789999999999942,pre_drug
110,12.6951,-90.76566431514378,0.09360000000000035,pre_drug
111,12.7887,-30.540739092715814,0.19890000000000008,pre_drug
112,12.9876,-124.26584950695911,0.059499999999999886,pre_drug
113,13.0471,-45.20897286015834,0.03229999999999933,pre_drug
114,13.0794,-54.44703444410911,0.11969999999999992,pre_drug
115,13.1991,-21.31448748328198,0.08960000000000079,pre_drug
116,13.2887,-38.185898988201586,0.054499999999999105,pre_drug
117,13.3432,-39.71831747840217,0.050700000000000855,pre_drug
118,13.3939,-52.44598366886116,0.12359999999999971,pre_drug
119,13.5175,-30.429845960727853,0.18219999999999992,pre_drug
120,13.6997,-57.69174698101703,0.32890000000000086,pre_drug
121,14.0286,-49.4783427735072,0.23499999999999943,pre_drug
122,14.2636,-65.05769647171529,0.035199999999999676,pre_drug
123,14.2988,-24.99387480907976,0.05979999999999919,pre_drug
124,14.3586,-51.250199272112184,0.09200000000000053,pre_drug
125,14.4506,-112.20571919146816,0.07489999999999952,pre_drug
126,14.5255,-64.71070678994205,0.11750000000000149,pre_drug
127,14.643,-37.270041092595065,0.04439999999999955,pre_drug
128,14.6874,-48.690742654430096,0.12849999999999895,pre_drug
129,14.8159,-96.41031108195564,0.15360000000000085,pre_drug
130,14.9695,-41.00657096997772,0.0409000000000006,pre_drug
131,15.0104,-68.47924962071602,0.19159999999999933,pre_drug
132,15.202,-84.28642372522833,0.13150000000000084,pre_drug
133,15.3335,-144.9627690189476,0.10029999999999895,pre_drug
134,15.4338,-54.536338215646595,0.09730000000000061,pre_drug
135,15.5311,-40.96472268067786,0.1355000000000004,pre_drug
136,15.6666,-38.58531123068613,0.07939999999999969,pre_drug
137,15.746,-101.86221891914852,0.08910000000000018,pre_drug
138,15.8351,-59.29845305232386,0.10879999999999868,pre_drug
139,15.9439,-87.49119813691317,0.06360000000000099,pre_drug
140,16.0075,-20.347416316814225,0.033200000000000784,pre_drug
141,16.0407,-102.71361511309334,0.08070000000000022,pre_drug
142,16.1214,-30.675575784648323,0.06400000000000006,pre_drug
143,16.1854,-24.483935367890396,0.05439999999999756,pre_drug
144,16.2398,-134.75397603698372,0.056400000000000006,pre_drug
145,16.2962,-59.06859043558283,0.11320000000000263,pre_drug
146,16.4094,-52.21087667907103,0.12289999999999779,pre_drug
147,16.5323,-40.019748363286126,0.05679999999999907,pre_drug
148,16.5891,-62.82603307323411,0.2214000000000027,pre_drug
149,16.8105,-62.106779126650196,0.1463000000000001,pre_drug
150,16.9568,-36.67261040584966,0.029999999999997584,pre_drug
151,16.9868,-30.336803146217935,0.12730000000000175,pre_drug
152,17.1141,-60.47849008466822,0.05369999999999919,pre_drug
153,17.1678,-47.43333133784258,0.165300000000002,pre_drug
154,17.3331,-73.37382029341875,0.10269999999999868,pre_drug
155,17.4358,-104.00705111683256,0.15929999999999822,pre_drug
156,17.5951,-23.386389020108332,0.15880000000000294,pre_drug
157,17.7539,-67.08023743882666,0.15719999999999956,pre_drug
158,17.9111,-70.9637980239972,0.3292999999999999,pre_drug
159,18.2404,-74.79653010122432,0.12049999999999983,pre_drug
160,18.3609,-70.08287299698964,0.11169999999999902,pre_drug
161,18.4726,-87.49860789251852,0.12170000000000059,pre_drug
162,18.5943,-31.554990425596454,0.14590000000000103,pre_drug
163,18.7402,-99.09964171131415,0.20689999999999742,pre_drug
164,18.9471,-54.0667647743828,0.0777000000000001,pre_drug
165,19.0248,-64.26668755885973,0.09800000000000253,pre_drug
166,19.1228,-51.677963746573916,0.06429999999999936,pre_drug
167,19.1871,-32.42682808294515,0.04969999999999786,pre_drug
168,19.2368,-48.56450189916271,0.08249999999999957,pre_drug
169,19.3193,-72.28687490728977,0.09880000000000067,pre_drug
170,19.4181,-56.61859444033569,0.10079999999999956,pre_drug
171,19.5189,-98.25399353783182,0.03410000000000224,pre_drug
172,19.553,-33.72852319924739,0.04100000000000037,pre_drug
173,19.594,-64.73390915843939,0.0995999999999988,pre_drug
174,19.6936,-78.03073537266398,0.09600000000000009,pre_drug
175,19.7896,-87.27448807556856,0.36850000000000094,pre_drug
176,20.1581,-41.114002181707136,0.044299999999999784,pre_drug
177,20.2024,-171.23939327068476,0.16569999999999752,pre_drug
178,20.3681,-95.2720103624765,0.09090000000000131,pre_drug
179,20.459,-26.64881743423843,0.15350000000000108,pre_drug
180,20.6125,-104.75297262669913,0.043199999999998795,pre_drug
181,20.6557,-45.41360030240968,0.06080000000000041,pre_drug
182,20.7165,-74.40294620664645,0.18070000000000164,pre_drug
183,20.8972,-72.04586781141646,0.27179999999999893,pre_drug
184,21.169,-73.91481874879403,0.031399999999997874,pre_drug
185,21.2004,-34.12917159513274,0.07540000000000191,pre_drug
186,21.2758,-74.19050000775327,0.10409999999999897,pre_drug
187,21.3799,-76.70188862262914,0.1355000000000004,pre_drug
188,21.5154,-31.441551354920318,0.048799999999999955,pre_drug
189,21.5642,-68.3687727421393,0.09830000000000183,pre_drug
190,21.6625,-57.605351645351874,0.12689999999999912,pre_drug
191,21.7894,-76.06395272393058,0.10060000000000002,pre_drug
192,21.89,-28.285886913666573,0.043499999999998096,pre_drug
193,21.9335,-48.35693263442686,0.0616000000000021,pre_drug
194,21.9951,-65.60087921030197,0.12749999999999773,pre_drug
195,22.1226,-72.4745620220621,0.07060000000000244,pre_drug
196,22.1932,-56.11590572710582,0.0627999999999993,pre_drug
197,22.256,-31.028753404882583,0.2728999999999999,pre_drug
198,22.5289,-92.42482771452056,0.10529999999999973,pre_drug
199,22.6342,-39.08068344170788,0.06340000000000146,pre_drug
200,22.6976,-31.331024409828206,0.0326999999999984,pre_drug
201,22.7303,-52.276362432737436,0.24210000000000065,pre_drug
202,22.9724,-40.97067772729593,0.06390000000000029,pre_drug
203,23.0363,-47.945764269833646,0.18629999999999924,pre_drug
204,23.2226,-28.68651507094255,0.1095000000000006,pre_drug
205,23.3321,-52.14993944860644,0.1783999999999999,pre_drug
206,23.5105,-30.476887461140045,0.14699999999999847,pre_drug
207,23.6575,-80.08700633842773,0.0829000000000022,pre_drug
208,23.7404,-36.89834076292042,0.08919999999999817,pre_drug
209,23.8296,-90.45189482131788,0.12049999999999983,pre_drug
210,23.9501,-33.54800139163559,0.0727000000000011,pre_drug
211,24.0228,-69.28712336895519,0.10620000000000118,pre_drug
212,24.129,-94.29648315899394,0.19040000000000035,pre_drug
213,24.3194,-81.91470230456878,0.040099999999998914,pre_drug
214,24.3595,-79.5668772964953,0.26229999999999976,pre_drug
215,24.6218,-66.90683147656436,0.10050000000000026,pre_drug
216,24.7223,-32.272624968676595,0.18599999999999994,pre_drug
217,24.9083,-49.878505429335306,0.047399999999999665,pre_drug
218,24.9557,-154.10417220300496,0.10670000000000002,pre_drug
219,25.0624,-66.10631691595982,0.09379999999999811,pre_drug
220,25.1562,-65.25773072773777,0.08720000000000283,pre_drug
221,25.2434,-25.512419893462358,0.29329999999999856,pre_drug
222,25.5367,-41.771085737160284,0.3346000000000018,pre_drug
223,25.8713,-54.13492588631164,0.04079999999999728,pre_drug
224,25.9121,-30.066909401753797,0.07670000000000243,pre_drug
225,25.9888,-100.96449828211884,0.10179999999999723,pre_drug
226,26.0906,-41.59698674057814,0.18170000000000286,pre_drug
227,26.2723,-43.810656476648894,0.060199999999998255,pre_drug
228,26.3325,-36.75132252410595,0.04540000000000077,pre_drug
229,26.3779,-75.73351187279306,0.1053999999999995,pre_drug
230,26.4833,-66.17044667366444,0.06370000000000076,pre_drug
231,26.547,-24.795523682351586,0.044899999999998386,pre_drug
232,26.5919,-44.10660767330073,0.1960000000000015,pre_drug
233,26.7879,-63.01345742725285,0.03170000000000073,pre_drug
234,26.8196,-45.65002030543007,0.08389999999999986,pre_drug
235,26.9035,-24.5472640182122,0.09699999999999775,pre_drug
236,27.0005,-97.88236996677865,0.15660000000000096,pre_drug
237,27.1571,-43.41392157026192,0.03829999999999956,pre_drug
238,27.1954,-61.92497495290409,0.09520000000000195,pre_drug
239,27.2906,-61.325526062398566,0.045999999999999375,pre_drug
240,27.3366,-27.848450010895352,0.04550000000000054,pre_drug
241,27.3821,-101.02589064567603,0.08359999999999701,pre_drug
242,27.4657,-58.99121765637787,0.03820000000000334,pre_drug
243,27.5039,-23.152648031434182,0.056299999999996686,pre_drug
244,27.5602,-40.88500281313821,0.12720000000000198,pre_drug
245,27.6874,-145.57845849394982,0.22820000000000107,pre_drug
246,27.9156,-39.65687047415405,0.42709999999999937,pre_drug
247,28.3427,-75.09021956449496,0.09829999999999828,pre_drug
248,28.441,-48.38549859551743,0.03819999999999979,pre_drug
249,28.4792,-56.410193531319926,0.0710000000000015,pre_drug
250,28.5502,-39.154535723004514,0.11870000000000047,pre_drug
251,28.6689,-33.465314650686274,0.09629999999999939,pre_drug
252,28.7652,-106.26821243247684,0.06289999999999907,pre_drug
253,28.8281,-36.84137493828216,0.13160000000000238,pre_drug
254,28.9597,-51.64856327699575,0.0838000000000001,pre_drug
255,29.0435,-21.35648868866466,0.13219999999999743,pre_drug
256,29.1757,-84.09324701628255,0.1725999999999992,pre_drug
257,29.3483,-26.406065039721973,0.19720000000000226,pre_drug
258,29.5455,-28.31928334444162,0.1783999999999999,pre_drug
259,29.7239,-27.519635804556287,0.13649999999999807,pre_drug
260,29.8604,-36.86991061665239,0.15190000000000126,pre_drug
261,30.0123,-58.167586956385044,0.23300000000000054,pre_drug
262,30.2453,-102.20540058437739,0.1036999999999999,pre_drug
263,30.349,-67.21657147412213,0.044299999999999784,pre_drug
264,30.3933,-37.95975067038681,0.19440000000000168,pre_drug
265,30.5877,-23.14852943585605,0.29229999999999734,pre_drug
266,30.88,-48.54000696220558,0.2173000000000016,pre_drug
267,31.0973,-43.25803344607497,0.0691999999999986,pre_drug
268,31.1665,-149.31168555472834,0.12720000000000198,pre_drug
269,31.2937,-25.39575270495558,0.09999999999999787,pre_drug
270,31.3937,-98.35101150982523,0.10740000000000194,pre_drug
271,31.5011,-39.370348636085986,0.11560000000000059,pre_drug
272,31.6167,-30.618177337594744,0.22999999999999687,pre_drug
273,31.8467,-91.7873570502931,0.16049999999999898,pre_drug
274,32.0072,-41.50622729715979,0.17830000000000013,pre_drug
275,32.1855,-85.08959363506371,0.3078000000000003,pre_drug
276,32.4933,-80.88624770209209,0.14440000000000452,pre_drug
277,32.6377,-36.89508306648801,0.08220000000000027,pre_drug
278,32.7199,-41.332899495916784,0.07689999999999486,pre_drug
279,32.7968,-48.123692345352886,0.036599999999999966,pre_drug
280,32.8334,-94.47386136124018,0.11610000000000298,pre_drug
281,32.9495,-58.75694475038998,0.12480000000000047,pre_drug
282,33.0743,-37.84655743597558,0.28479999999999706,pre_drug
283,33.3591,-144.78563770882806,0.05310000000000059,pre_drug
284,33.4122,-27.616543977192496,0.2711000000000041,pre_drug
285,33.6833,-36.65703295788015,0.11309999999999576,pre_drug
286,33.7964,-71.45976966366885,0.057900000000003615,pre_drug
287,33.8543,-44.74148966022041,0.0519999999999996,pre_drug
288,33.9063,-52.05756236021136,0.10529999999999973,pre_drug
289,34.0116,-69.5140572900078,0.03640000000000043,pre_drug
290,34.048,-51.33570472468436,0.0706999999999951,pre_drug
291,34.1187,-38.65073655474727,0.1121000000000052,pre_drug
292,34.2308,-27.334044229951015,0.21750000000000114,pre_drug
293,34.4483,-63.37091450529458,0.2459999999999951,pre_drug
294,34.6943,-56.9007947967257,0.10320000000000107,pre_drug
295,34.7975,-48.030530397092896,0.10719999999999885,pre_drug
296,34.9047,-36.6084248971278,0.11460000000000292,pre_drug
297,35.0193,-104.60767118517514,0.21179999999999666,pre_drug
298,35.2311,-66.20112733656606,0.13920000000000243,pre_drug
299,35.3703,-41.48852282872812,0.35430000000000206,pre_drug
300,35.7246,-73.4466901944039,0.10470000000000113,pre_drug
301,35.8293,-54.2515120894668,0.06969999999999743,pre_drug
302,35.899,-38.92401758721999,0.1706000000000003,pre_drug
303,36.0696,-59.907068903434904,0.09899999999999665,pre_drug
304,36.1686,-59.56008464632926,0.27200000000000557,pre_drug
305,36.4406,-143.2316305193291,0.23589999999999378,pre_drug
306,36.6765,-56.122312884970164,0.0613000000000028,pre_drug
307,36.7378,-77.67041598529553,0.14099999999999824,pre_drug
308,36.8788,-105.77422800143712,0.23389999999999844,pre_drug
309,37.1127,-21.716904304345036,0.2266000000000048,pre_drug
310,37.3393,-77.26702225751806,0.03059999999999974,pre_drug
311,37.3699,-59.822753735960504,0.07529999999999859,pre_drug
312,37.4452,-54.942613010851595,0.043199999999998795,pre_drug
313,37.4884,-27.882061196564777,0.05420000000000158,pre_drug
314,37.5426,-44.41905497057051,0.09969999999999857,pre_drug
315,37.6423,-62.30666986903804,0.10260000000000247,pre_drug
316,37.7449,-60.268222414381405,0.03219999999999601,pre_drug
317,37.7771,-37.581947855672226,0.036000000000001364,pre_drug
318,37.8131,-54.625295351064466,0.15810000000000457,pre_drug
319,37.9712,-36.468062060285284,0.18259999999999366,pre_drug
320,38.1538,-54.634485544035435,0.07200000000000273,pre_drug
321,38.2258,-96.883710365846,0.036000000000001364,pre_drug
322,38.2618,-23.595116451291986,0.07520000000000238,pre_drug
323,38.337,-78.40380618061288,0.034799999999997056,pre_drug
324,38.3718,-21.649180086769025,0.05590000000000117,pre_drug
325,38.4277,-70.56135964321578,0.198599999999999,pre_drug
326,38.6263,-36.863339060210684,0.20649999999999835,pre_drug
327,38.8328,-58.28120767663142,0.31560000000000343,pre_drug
328,39.1484,-126.71544911099191,0.06550000000000011,pre_drug
329,39.2139,-63.92622916067947,0.08489999999999753,pre_drug
330,39.2988,-55.37055937200236,0.07039999999999935,pre_drug
331,39.3692,-46.11107402056532,0.25430000000000064,pre_drug
332,39.6235,-42.03818058335933,0.030799999999999272,pre_drug
333,39.6543,-20.140736339010793,0.08480000000000132,pre_drug
334,39.7391,-90.45041407908607,0.03059999999999974,pre_drug
335,39.7697,-36.54224755708006,0.0700999999999965,pre_drug
336,39.8398,-69.89844349385055,0.04570000000000363,pre_drug
337,39.8855,-34.76330635798381,0.18390000000000128,pre_drug
338,40.0694,-38.35960127204796,0.08630000000000138,pre_drug
339,40.1557,-48.08869669473523,0.0799999999999983,pre_drug
340,40.2357,-88.55876683881817,0.24170000000000158,pre_drug
341,40.4774,-61.12870490787422,0.04509999999999792,pre_drug
342,40.5225,-20.808174040587314,0.12229999999999563,pre_drug
343,40.6448,-28.168613894811276,0.11190000000000566,pre_drug
344,40.7567,-66.7432025551183,0.11009999999999565,pre_drug
345,40.8668,-56.3134339700771,0.2272000000000034,pre_drug
346,41.094,-33.311386204910846,0.06510000000000105,pre_drug
347,41.1591,-147.2599294610396,0.11749999999999972,pre_drug
348,41.2766,-65.94046434971881,0.1781999999999968,pre_drug
349,41.4548,-102.56283470969046,0.05810000000000315,pre_drug
350,41.5129,-33.243469455993875,0.045999999999999375,pre_drug
351,41.5589,-36.11142655410286,0.24109999999999587,pre_drug
352,41.8,-54.19060697058937,0.10670000000000357,pre_drug
353,41.9067,-37.967957455771725,0.08579999999999899,pre_drug
354,41.9925,-34.053268463634296,0.16749999999999687,pre_drug
355,42.16,-20.17726942645358,0.17180000000000462,pre_drug
356,42.3318,-64.85138525671468,0.09969999999999857,pre_drug
357,42.4315,-67.28947536260847,0.09600000000000364,pre_drug
358,42.5275,-48.337475894845376,0.09619999999999607,pre_drug
359,42.6237,-29.928765256037455,0.09709999999999752,pre_drug
360,42.7208,-41.37141932896901,0.120900000000006,pre_drug
361,42.8417,-105.28055074795658,0.10229999999999961,pre_drug
362,42.944,-46.03014657447219,0.12699999999999534,pre_drug
363,43.071,-54.70125628687104,0.35260000000000247,pre_drug
364,43.4236,-76.73529825007512,0.240000000000002,pre_drug
365,43.6636,-57.75841492675643,0.07259999999999422,pre_drug
366,43.7362,-65.16380503461542,0.09240000000000492,pre_drug
367,43.8286,-23.419850723546922,0.034199999999998454,pre_drug
368,43.8628,-25.078657997358484,0.45600000000000307,pre_drug
369,44.3188,-79.64337139428247,0.11189999999999856,pre_drug
370,44.4307,-42.6079008891086,0.18739999999999668,pre_drug
371,44.6181,-34.6215785270693,0.08919999999999817,pre_drug
372,44.7073,-148.35519014728982,0.09090000000000487,pre_drug
373,44.7982,-22.571511407927048,0.42609999999999815,pre_drug
374,45.2243,-65.32680977157418,0.10999999999999943,pre_drug
375,45.3343,-76.45094616452164,0.3247,pre_drug
376,45.659,-56.11316024099515,0.040399999999998215,pre_drug
377,45.6994,-26.559155974966995,0.3077000000000041,pre_drug
378,46.0071,-67.84977045603804,0.22419999999999618,pre_drug
379,46.2313,-22.905671052566916,0.2955000000000041,pre_drug
380,46.5268,-57.97657966698323,0.1465999999999994,pre_drug
381,46.6734,-50.2761218948966,0.12079999999999558,pre_drug
382,46.7942,-89.83398611040565,0.20770000000000266,pre_drug
383,47.0019,-34.54918512841253,0.030900000000002592,pre_drug
384,47.0328,-55.01019306847154,0.10499999999999687,pre_drug
385,47.1378,-84.41301018111088,0.14030000000000342,pre_drug
386,47.2781,-33.13866125896165,0.06589999999999918,pre_drug
387,47.344,-49.690528019671284,0.04099999999999682,pre_drug
388,47.385,-89.57929384175391,0.07670000000000243,pre_drug
389,47.4617,-66.72937372828119,0.033299999999997,pre_drug
390,47.495,-55.48101381757976,0.09890000000000043,pre_drug
391,47.5939,-28.837183105715418,0.1377999999999986,pre_drug
392,47.7317,-59.42015965598597,0.1658000000000044,pre_drug
393,47.8975,-25.521830161686136,0.13510000000000133,pre_drug
394,48.0326,-32.72511047326522,0.047599999999995646,pre_drug
395,48.0802,-52.458118386977084,0.13330000000000553,pre_drug
396,48.2135,-45.65114295950387,0.07859999999999445,pre_drug
397,48.2921,-60.817574056214994,0.06020000000000181,pre_drug
398,48.3523,-65.0908696747185,0.2248999999999981,pre_drug
399,48.5772,-64.50550404287986,0.2033000000000058,pre_drug
400,48.7805,-67.07410244833146,0.04569999999999652,pre_drug
401,48.8262,-21.857002274292782,0.14470000000000027,pre_drug
402,48.9709,-67.22069085605611,0.03190000000000026,pre_drug
403,49.0028,-74.35734764150666,0.08729999999999905,pre_drug
404,49.0901,-56.46129187104881,0.05870000000000175,pre_drug
405,49.1488,-40.67267713696445,0.15569999999999595,pre_drug
406,49.3045,-98.79724884639369,0.09920000000000329,pre_drug
407,49.4037,-42.57683231953122,0.07059999999999889,pre_drug
408,49.4743,-66.54980644385816,0.33489999999999753,pre_drug
409,49.8092,-38.670435821803146,0.1075000000000017,pre_drug
410,49.9167,-70.57346985514769,0.07900000000000063,pre_drug
411,49.9957,-29.91010991597744,0.147199999999998,pre_drug
412,50.1429,-28.077100880451194,0.2589000000000041,pre_drug
413,50.4018,-88.90129242762775,0.07909999999999684,pre_drug
414,50.4809,-42.57040773104589,0.1735000000000042,pre_drug
415,50.6544,-36.54193139760213,0.10379999999999967,pre_drug
416,50.7582,-44.83131489741865,0.2382999999999953,pre_drug
417,50.9965,-25.057237043147687,0.0367999999999995,pre_drug
418,51.0333,-72.44324303684525,0.07840000000000202,pre_drug
419,51.1117,-42.650914902378474,0.033300000000004104,pre_drug
420,51.145,-61.037127102316965,0.08539999999999992,pre_drug
421,51.2304,-98.62049339159512,0.09659999999999513,pre_drug
422,51.327,-66.63020203594039,0.10869999999999891,pre_drug
423,51.4357,-22.603968743048643,0.08010000000000161,pre_drug
424,51.5158,-49.1384297823604,0.29579999999999984,pre_drug
425,51.8116,-69.05419937238491,0.08650000000000091,pre_drug
426,51.8981,-47.544052992089604,0.07350000000000279,pre_drug
427,51.9716,-23.236775563858284,0.05079999999999529,pre_drug
428,52.0224,-70.01733552151464,0.0864000000000047,pre_drug
429,52.1088,-45.31180968201577,0.3421999999999983,pre_drug
430,52.451,-82.441799110651,0.2545999999999964,pre_drug
431,52.7056,-62.19601189646721,0.20410000000000394,pre_drug
432,52.9097,-68.43786899618662,0.08370000000000033,pre_drug
433,52.9934,-44.49916510155473,0.13329999999999842,pre_drug
434,53.1267,-32.839988863772916,0.15319999999999823,pre_drug
435,53.2799,-36.95998244132827,0.11290000000000333,pre_drug
436,53.3928,-100.72277126035044,0.2231999999999985,pre_drug
437,53.616,-61.40712786147141,0.11059999999999803,pre_drug
438,53.7266,-58.31185524295406,0.10890000000000555,pre_drug
439,53.8355,-95.14254456202562,0.10559999999999548,pre_drug
440,53.9411,-88.3705427925989,0.09830000000000183,pre_drug
441,54.0394,-63.746084271005884,0.3813999999999993,pre_drug
442,54.4208,-43.20673497735982,0.20689999999999742,pre_drug
443,54.6277,-25.3848856054173,0.08810000000000429,pre_drug
444,54.7158,-50.347579847149944,0.2331000000000003,pre_drug
445,54.9489,-48.3997191023327,0.17859999999999587,pre_drug
446,55.1275,-23.7836755833023,0.11560000000000059,pre_drug
447,55.2431,-53.48650796625311,0.19429999999999836,pre_drug
448,55.4374,-38.36311691892068,0.18880000000000052,pre_drug
449,55.6262,-51.12745008321868,0.19590000000000174,pre_drug
450,55.8221,-35.666543052109084,0.2394000000000034,pre_drug
451,56.0615,-36.127183825525954,0.14229999999999876,pre_drug
452,56.2038,-139.00527095901668,0.10999999999999943,pre_drug
453,56.3138,-27.35319777278717,0.08229999999999649,pre_drug
454,56.3961,-47.96664250754381,0.11570000000000391,pre_drug
455,56.5118,-118.78319161427252,0.1739999999999995,pre_drug
456,56.6858,-46.0920937139135,0.17790000000000106,pre_drug
457,56.8637,-59.44470231419133,0.040300000000002,pre_drug
458,56.904,-28.040428618892165,0.06279999999999575,pre_drug
459,56.9668,-77.17626540518549,0.14589999999999748,pre_drug
460,57.1127,-43.14919613253703,0.05270000000000152,pre_drug
461,57.1654,-50.253969811352995,0.1075000000000017,pre_drug
462,57.2729,-38.68197851950232,0.03399999999999892,pre_drug
463,57.3069,-74.75467510339024,0.07379999999999853,pre_drug
464,57.3807,-51.422340243860056,0.13700000000000045,pre_drug
465,57.5177,-51.12672632119639,0.1056999999999988,pre_drug
466,57.6234,-32.90948299775322,0.09180000000000632,pre_drug
467,57.7152,-45.778327240333006,0.11049999999999471,pre_drug
468,57.8257,-24.86509232697314,0.07740000000000435,pre_drug
469,57.9031,-56.375338384444056,0.1454999999999984,pre_drug
470,58.0486,-35.79266052079829,0.08749999999999858,pre_drug
471,58.1361,-145.6201844910358,0.03470000000000084,pre_drug
472,58.1708,-35.31201832497658,0.03200000000000358,pre_drug
473,58.2028,-52.98541001597734,0.15699999999999648,pre_drug
474,58.3598,-22.61432958394448,0.31799999999999784,pre_drug
475,58.6778,-82.30596044396337,0.03549999999999898,pre_drug
476,58.7133,-45.99590576060107,0.2565000000000026,pre_drug
477,58.9698,-51.57009262247571,0.18059999999999832,pre_drug
478,59.1504,-30.934307276330014,0.030100000000004457,pre_drug
479,59.1805,-62.111860039247134,0.07039999999999935,pre_drug
480,59.2509,-56.500067058145326,0.09799999999999898,pre_drug
481,59.3489,-71.83993664635,0.1501000000000019,pre_drug
482,59.499,-39.86729518001425,0.04410000000000025,pre_drug
483,59.5431,-92.60259030451162,0.13279999999999603,pre_drug
484,59.6759,-35.87600908187322,0.2336999999999989,pre_drug
485,59.9096,-133.7222398332657,0.056200000000004025,pre_drug
486,59.9658,-36.16647128346695,,pre_drug
0,60.28,-37.094112506337204,0.35430000000000206,post_drug
1,60.6343,-57.22057681083984,0.5047999999999959,post_drug
2,61.1391,-46.38223592345344,0.12539999999999907,post_drug
3,61.2645,-22.904060304045494,0.2097000000000051,post_drug
4,61.4742,-36.5026880552074,0.9411999999999949,post_drug
5,62.4154,-62.76094979856365,0.15270000000000294,post_drug
6,62.5681,-36.5862665674254,0.4189000000000007,post_drug
7,62.987,-23.639803625408454,0.037599999999997635,post_drug
8,63.0246,-38.90690586381709,0.03450000000000131,post_drug
9,63.0591,-25.82129853524234,0.37120000000000175,post_drug
10,63.4303,-21.18741579773021,0.08549999999999613,post_drug
11,63.5158,-67.20889246431076,0.3364000000000047,post_drug
12,63.8522,-77.62857080483462,0.0367999999999995,post_drug
13,63.889,-31.454983128273703,0.4834999999999994,post_drug
14,64.3725,-45.55102439447437,0.10450000000000159,post_drug
15,64.477,-24.252998022398074,0.11299999999999955,post_drug
16,64.59,-43.54826567977923,0.04840000000000089,post_drug
17,64.6384,-33.3078394961552,0.04349999999999454,post_drug
18,64.6819,-25.09109981838424,0.09969999999999857,post_drug
19,64.7816,-23.665199537268503,0.28419999999999845,post_drug
20,65.0658,-23.798919323143,0.30460000000000775,post_drug
21,65.3704,-31.572874269106944,0.2535999999999916,post_drug
22,65.624,-34.12998115538897,0.2296000000000049,post_drug
23,65.8536,-30.140183251086555,0.35439999999999827,post_drug
24,66.208,-31.644827776605243,0.35999999999999943,post_drug
25,66.568,-46.04683942755132,0.1132999999999953,post_drug
26,66.6813,-23.15321159105781,0.20050000000000523,post_drug
27,66.8818,-31.59124287561245,0.1513000000000062,post_drug
28,67.0331,-30.62655578398267,0.15879999999999939,post_drug
29,67.1919,-34.05923064077216,0.5648999999999944,post_drug
30,67.7568,-40.355245287645374,0.12600000000000477,post_drug
31,67.8828,-49.9757297475573,0.637999999999991,post_drug
32,68.5208,-25.51371106291853,0.22590000000000998,post_drug
33,68.7467,-23.9106874595177,0.19959999999998956,post_drug
34,68.9463,-46.70115361060994,0.16140000000000043,post_drug
35,69.1077,-21.35401812989572,0.23020000000001062,post_drug
36,69.3379,-44.86675928579969,0.07699999999999818,post_drug
37,69.4149,-30.18393177028794,0.21059999999999945,post_drug
38,69.6255,-26.203051473234176,0.13169999999999504,post_drug
39,69.7572,-29.274795386145296,0.24660000000000082,post_drug
40,70.0038,-22.16952290989627,0.5786000000000087,post_drug
41,70.5824,-32.58006114632968,0.24639999999999418,post_drug
42,70.8288,-32.04019656678226,0.1127000000000038,post_drug
43,70.9415,-53.796336856102954,0.22129999999999939,post_drug
44,71.1628,-29.955509672949464,0.5331999999999937,post_drug
45,71.696,-44.58201051702994,0.9191000000000003,post_drug
46,72.6151,-59.78608903123248,0.4432000000000045,post_drug
47,73.0583,-23.951321144068217,0.06220000000000425,post_drug
48,73.1205,-54.61245950037673,0.10789999999998656,post_drug
49,73.2284,-60.11660379273688,0.18230000000001212,post_drug
50,73.4107,-22.39003435603545,0.3516999999999939,post_drug
51,73.7624,-73.75870880349066,0.2061000000000064,post_drug
52,73.9685,-21.386102305829922,0.04059999999999775,post_drug
53,74.0091,-20.363437091367825,0.328400000000002,post_drug
54,74.3375,-47.684446193082856,0.11229999999999052,post_drug
55,74.4498,-25.28047665658442,0.08650000000000091,post_drug
56,74.5363,-41.79097534359306,0.09420000000000073,post_drug
57,74.6305,-20.27345619306975,0.052500000000009095,post_drug
58,74.683,-23.622277571445434,0.27779999999999916,post_drug
59,74.9608,-54.33629726851253,0.251899999999992,post_drug
60,75.2127,-51.25740174796119,0.39809999999999945,post_drug
61,75.6108,-21.219223612980176,0.07189999999999941,post_drug
62,75.6827,-44.627919351197875,0.11129999999999995,post_drug
63,75.794,-27.615489572089917,0.6351000000000084,post_drug
64,76.4291,-26.095305572068824,0.23099999999999454,post_drug
65,76.6601,-20.867614661423012,0.08209999999999695,post_drug
66,76.7422,-37.02354523895754,0.7201000000000022,post_drug
67,77.4623,-46.60432687450512,0.2955000000000041,post_drug
68,77.7578,-23.649607128182527,0.07739999999999725,post_drug
69,77.8352,-36.583434434295455,0.4656999999999982,post_drug
70,78.3009,-48.8010579716739,0.084699999999998,post_drug
71,78.3856,-21.60560618398381,0.05480000000000018,post_drug
72,78.4404,-23.164249398566895,0.07569999999999766,post_drug
73,78.5161,-61.90658484749336,0.09920000000001039,post_drug
74,78.6153,-45.40624726825121,0.30570000000000164,post_drug
75,78.921,-29.051923010175102,0.12219999999999231,post_drug
76,79.0432,-52.507452398951195,0.08650000000000091,post_drug
77,79.1297,-46.383042371202635,0.14109999999999445,post_drug
78,79.2708,-20.804974321920582,0.12700000000000955,post_drug
79,79.3978,-26.431891480751233,0.1554000000000002,post_drug
80,79.5532,-30.423408154295153,0.08870000000000289,post_drug
81,79.6419,-41.4178257797002,0.42680000000000007,post_drug
82,80.0687,-27.9200510855317,0.36709999999999354,post_drug
83,80.4358,-28.12634682960179,0.037700000000000955,post_drug
84,80.4735,-55.31806374605541,0.21229999999999905,post_drug
85,80.6858,-20.054253522856047,0.12470000000000425,post_drug
86,80.8105,-29.60437585952424,0.15119999999998868,post_drug
87,80.9617,-21.259654208417416,0.11760000000001014,post_drug
88,81.0793,-38.90285232390192,0.044799999999995066,post_drug
89,81.1241,-46.775068324212526,0.1821999999999946,post_drug
90,81.3063,-36.59144878642016,0.05850000000000932,post_drug
91,81.3648,-21.783857531649666,0.07229999999999848,post_drug
92,81.4371,-31.924428807294962,0.15200000000000102,post_drug
93,81.5891,-69.06956977753283,0.0408999999999935,post_drug
94,81.63,-30.449555072906243,0.2002999999999986,post_drug
95,81.8303,-41.99095327313734,0.05000000000001137,post_drug
96,81.8803,-30.029564969588666,0.15200000000000102,post_drug
97,82.0323,-22.11930762184977,0.05529999999998836,post_drug
98,82.0876,-69.09426138112471,0.14270000000000493,post_drug
99,82.2303,-23.08888775121823,0.11490000000000578,post_drug
100,82.3452,-55.61060175784059,0.08309999999998752,post_drug
101,82.4283,-20.901601711863023,0.032300000000006435,post_drug
102,82.4606,-38.84641349264635,0.054400000000001114,post_drug
103,82.515,-47.56086081758289,0.045199999999994134,post_drug
104,82.5602,-37.35579638904911,0.04070000000000107,post_drug
105,82.6009,-31.89632838069482,0.033799999999999386,post_drug
106,82.6347,-38.85365645533602,0.052500000000009095,post_drug
107,82.6872,-47.27220072673975,0.066599999999994,post_drug
108,82.7538,-20.63995032309225,0.058099999999996044,post_drug
109,82.8119,-62.85143707082272,0.14939999999999998,post_drug
110,82.9613,-88.95948347534716,0.2536000000000058,post_drug
111,83.2149,-21.22912117507395,0.11579999999999302,post_drug
112,83.3307,-36.54551829710519,0.09600000000000364,post_drug
113,83.4267,-48.87045582028879,0.1162000000000063,post_drug
114,83.5429,-43.4453043731946,0.11209999999999809,post_drug
115,83.655,-26.455655440989375,0.06650000000000489,post_drug
116,83.7215,-36.25599260515644,0.03340000000000032,post_drug
117,83.7549,-38.37753075769691,0.16599999999999682,post_drug
118,83.9209,-33.99762137098823,0.13349999999999795,post_drug
119,84.0544,-36.887968443924976,0.23760000000000048,post_drug
120,84.292,-23.108204689752036,0.09839999999999804,post_drug
121,84.3904,-22.60860839020644,0.1449000000000069,post_drug
122,84.5353,-26.939591660261705,0.15259999999999252,post_drug
123,84.6879,-61.60897921448702,0.054100000000005366,post_drug
124,84.742,-47.802980341449796,0.06709999999999638,post_drug
125,84.8091,-43.37485137023296,0.0671999999999997,post_drug
126,84.8763,-28.415120150241993,0.03260000000000218,post_drug
127,84.9089,-46.88398620215616,0.14159999999999684,post_drug
128,85.0505,-73.7396637368905,0.24630000000000507,post_drug
129,85.2968,-28.070135261778113,0.3680999999999983,post_drug
130,85.6649,-45.06425265533276,0.3194999999999908,post_drug
131,85.9844,-31.55733126968144,0.24110000000000298,post_drug
132,86.2255,-22.149135218838587,0.13750000000000284,post_drug
133,86.363,-33.241197752536976,0.24960000000000093,post_drug
134,86.6126,-60.42136510959398,0.039699999999996294,post_drug
135,86.6523,-53.31484351470401,0.3462999999999994,post_drug
136,86.9986,-27.351677644291737,0.09600000000000364,post_drug
137,87.0946,-20.715116807064252,0.21880000000000166,post_drug
138,87.3134,-39.64310786277119,0.18290000000000362,post_drug
139,87.4963,-22.184297501401694,0.2219999999999942,post_drug
140,87.7183,-56.77540919641898,0.18829999999999814,post_drug
141,87.9066,-43.47290716309515,0.2879999999999967,post_drug
142,88.1946,-20.637210487488517,0.5524000000000058,post_drug
143,88.747,-28.50164126921357,0.12059999999999604,post_drug
144,88.8676,-34.67424978918254,0.10970000000000368,post_drug
145,88.9773,-31.206795679536306,0.17510000000000048,post_drug
146,89.1524,-37.80477506010938,0.13299999999999557,post_drug
147,89.2854,-22.147563129104423,0.08599999999999852,post_drug
148,89.3714,-33.14497130070049,0.6291000000000082,post_drug
149,90.0005,-41.37145707433122,0.2869000000000028,post_drug
150,90.2874,-35.174264591048995,0.2184999999999917,post_drug
151,90.5059,-40.49566279609888,0.08490000000000464,post_drug
152,90.5908,-36.231483253947864,0.4257999999999953,post_drug
153,91.0166,-34.20621667293933,0.037900000000007594,post_drug
154,91.0545,-39.78966051354631,0.21299999999999386,post_drug
155,91.2675,-35.416221979166494,0.30400000000000205,post_drug
156,91.5715,-42.237890642443276,0.2909999999999968,post_drug
157,91.8625,-29.427729295984324,0.14560000000000173,post_drug
158,92.0081,-42.111744556358175,0.12279999999999802,post_drug
159,92.1309,-28.271043928587137,0.32920000000000016,post_drug
160,92.4601,-55.55138509157257,0.27890000000000725,post_drug
161,92.739,-61.28771919777962,0.9277999999999906,post_drug
162,93.6668,-57.462048798224664,0.3025999999999982,post_drug
163,93.9694,-32.78906425034171,0.07000000000000739,post_drug
164,94.0394,-41.82064210531608,0.0648999999999944,post_drug
165,94.1043,-39.12540714428306,0.08110000000000639,post_drug
166,94.1854,-48.5099420656463,0.29640000000000555,post_drug
167,94.4818,-26.73310482181554,0.25489999999999213,post_drug
168,94.7367,-30.07690124192898,0.11929999999999552,post_drug
169,94.856,-41.957601457592666,0.11160000000000991,post_drug
170,94.9676,-36.49979549305533,0.0478999999999985,post_drug
171,95.0155,-42.1172927286205,0.2574999999999932,post_drug
172,95.273,-40.16014953770136,0.48220000000000596,post_drug
173,95.7552,-27.29307631917032,0.2574999999999932,post_drug
174,96.0127,-58.217191265759794,0.3341000000000065,post_drug
175,96.3468,-29.865729157105736,0.10020000000000095,post_drug
176,96.447,-21.443139081421116,0.11459999999999582,post_drug
177,96.5616,-25.57841711525947,0.3961000000000041,post_drug
178,96.9577,-29.236369816160156,0.3149999999999977,post_drug
179,97.2727,-49.82225162574075,0.3803000000000054,post_drug
180,97.653,-45.981729342666526,0.33209999999999695,post_drug
181,97.9851,-24.107935122050357,0.0519999999999925,post_drug
182,98.0371,-20.475916709761243,0.3475999999999999,post_drug
183,98.3847,-30.864463622824896,0.48440000000000794,post_drug
184,98.8691,-26.982878529575775,0.3873999999999995,post_drug
185,99.2565,-40.48321651436464,0.6756000000000029,post_drug
186,99.9321,-33.11817200179216,0.27609999999999957,post_drug
187,100.2082,-45.47180591070564,0.402000000000001,post_drug
188,100.6102,-40.38306055404952,0.16499999999999204,post_drug
189,100.7752,-23.61833206598257,0.49510000000000787,post_drug
190,101.2703,-26.290135361015604,0.5682999999999936,post_drug
191,101.8386,-21.897596494795515,0.46640000000000725,post_drug
192,102.305,-24.898330721786618,0.3849999999999909,post_drug
193,102.69,-27.57368134036903,0.8397000000000077,post_drug
194,103.5297,-66.61643583229409,0.0653999999999968,post_drug
195,103.5951,-33.56667865618553,0.066599999999994,post_drug
196,103.6617,-49.97421559960102,0.5076999999999998,post_drug
197,104.1694,-27.3374937638121,0.10470000000000823,post_drug
198,104.2741,-22.427639726116993,0.05100000000000193,post_drug
199,104.3251,-52.910494463589615,0.8108999999999895,post_drug
200,105.136,-26.87713642377487,0.43070000000000164,post_drug
201,105.5667,-24.377849145863326,0.30689999999999884,post_drug
202,105.8736,-23.831866153586972,0.07529999999999859,post_drug
203,105.9489,-29.01130072967503,0.23170000000000357,post_drug
204,106.1806,-23.64198459331811,0.5786000000000087,post_drug
205,106.7592,-32.092652497328146,0.37229999999999563,post_drug
206,107.1315,-27.91741647458527,0.5716999999999928,post_drug
207,107.7032,-41.007957098534305,0.06970000000001164,post_drug
208,107.7729,-30.55501602862863,0.45529999999999404,post_drug
209,108.2282,-56.429996244329146,0.0367999999999995,post_drug
210,108.265,-32.847461196797674,0.2616000000000014,post_drug
211,108.5266,-43.75102921269966,0.03690000000000282,post_drug
212,108.5635,-78.08676652709647,0.03689999999998861,post_drug
213,108.6004,-25.23949274090916,0.07100000000001216,post_drug
214,108.6714,-60.308680831010555,0.03259999999998797,post_drug
215,108.704,-28.258721960514357,0.3094000000000108,post_drug
216,109.0134,-32.395063398505755,0.033999999999991815,post_drug
217,109.0474,-39.4673878734469,0.2874000000000052,post_drug
218,109.3348,-42.43386204039842,0.1307999999999936,post_drug
219,109.4656,-33.610229336585334,0.034000000000006025,post_drug
220,109.4996,-24.10826386469923,0.05910000000000082,post_drug
221,109.5587,-32.73674706384184,0.24289999999999168,post_drug
222,109.8016,-24.63940337151598,0.05160000000000764,post_drug
223,109.8532,-38.998628048820386,0.4882999999999953,post_drug
224,110.3415,-57.232682197567215,0.14159999999999684,post_drug
225,110.4831,-25.836045062789182,0.05130000000001189,post_drug
226,110.5344,-43.74696904720008,0.16079999999999472,post_drug
227,110.6952,-24.975540974595454,0.14910000000000423,post_drug
228,110.8443,-25.06480195299494,0.14090000000000202,post_drug
229,110.9852,-28.098027532237072,0.04649999999999466,post_drug
230,111.0317,-35.55608574145815,0.24330000000000496,post_drug
231,111.275,-23.554634026916176,0.4876000000000005,post_drug
232,111.7626,-26.194906323882865,0.3620999999999981,post_drug
233,112.1247,-26.233605721506038,1.3101999999999947,post_drug
234,113.4349,-23.776014189243906,0.13649999999999807,post_drug
235,113.5714,-46.47136940063782,0.32450000000000045,post_drug
236,113.8959,-23.513643616050896,0.20100000000000762,post_drug
237,114.0969,-30.215139289499486,0.24989999999999668,post_drug
238,114.3468,-25.771933882517956,0.6113,post_drug
239,114.9581,-25.832953573651693,0.1623000000000019,post_drug
240,115.1204,-30.71617936677809,0.1700000000000017,post_drug
241,115.2904,-35.55208497545307,0.12059999999999604,post_drug
242,115.411,-25.036357776523108,0.5969999999999942,post_drug
243,116.008,-36.35770449162299,0.056100000000000705,post_drug
244,116.0641,-74.49128955457556,0.49219999999999686,post_drug
245,116.5563,-32.75878993586039,0.04770000000000607,post_drug
246,116.604,-57.467748290397736,0.6449000000000069,post_drug
247,117.2489,-46.744159900182325,0.5543999999999869,post_drug
248,117.8033,-66.13895348374382,0.3943000000000012,post_drug
249,118.1976,-54.6078033237921,0.0607000000000113,post_drug
250,118.2583,-27.154846785727255,0.10320000000000107,post_drug
251,118.3615,-36.76937593700984,0.070699999999988,post_drug
252,118.4322,-30.44565567077569,0.3500000000000085,post_drug
253,118.7822,-22.575050640549282,0.29349999999999454,post_drug
254,119.0757,-61.52571452467089,0.7496000000000009,post_drug
255,119.8253,-38.0971695600301,0.17440000000000566,post_drug
256,119.9997,-30.535526103057457,,post_drug
